{
    "edges": [
        {
            "A": [
                [
                    0.9058446546504136,
                    0.8302034342862503,
                    0.9952007702369595
                ],
                [
                    0.48245050662814487,
                    0.40954704465256203,
                    0.530932743967496
                ]
            ],
            "B": [
                [
                    0.13744203622812992,
                    0.44786739864157504
                ],
                [
                    0.818434845304607,
                    0.7497223863029508
                ]
            ],
            "b": [
                0.6962036149851262,
                0.627427674890636
            ],
            "from": 0,
            "to": 1
        }
    ],
    "nodes": [
        {
            "C": [],
            "D": [],
            "Q": [
                [
                    1.094283936631828,
                    0.6534051481821964,
                    1.1329860189730896
                ],
                [
                    0.6534051481821964,
                    1.1469472855882274,
                    0.8241640774825507
                ],
                [
                    1.1329860189730896,
                    0.8241640774825507,
                    1.2616697805892005
                ]
            ],
            "R": [
                [
                    2.1909406618914775,
                    1.3143828723230353
                ],
                [
                    1.3143828723230353,
                    0.9316378124366241
                ]
            ],
            "S": [
                [
                    1.4554572801638703,
                    0.7832233391612128
                ],
                [
                    1.2538757131027358,
                    0.761809488657558
                ],
                [
                    1.621768337899782,
                    0.9451150385334461
                ]
            ],
            "Zl": [],
            "Zu": [],
            "idxs": [
                0,
                0,
                0
            ],
            "ld": [],
            "lu": [
                0.41669836779797054,
                0.33776750691167606
            ],
            "lx": [
                0.5653739484088571,
                0.2533130970032794,
                0.5404575862091552
            ],
            "q": [
                0.803516583828381,
                0.38332920418401784,
                0.8280873487206614
            ],
            "r": [
                0.16655476983880624,
                0.6324348565096053
            ],
            "ud": [],
            "uu": [
                0.9441452882355126,
                0.6902831506653921
            ],
            "ux": [
                0.9090351500359066,
                0.6206215295744477,
                0.7423371158723813
            ],
            "zl": [],
            "zu": []
        },
        {
            "C": [],
            "D": [],
            "Q": [
                [
                    0.8216566808526519,
                    0.8711191810877993
                ],
                [
                    0.8711191810877993,
                    1.2144388265103776
                ]
            ],
            "R": [
                [
                    1.6301490526028224
                ]
            ],
            "S": [
                [
                    1.0876053673709047
                ],
                [
                    1.0276677889584347
                ]
            ],
            "Zl": [],
            "Zu": [],
            "idxs": [
                0,
                0
            ],
            "ld": [],
            "lu": [
                0.821082892133305
            ],
            "lx": [
                0.7441752422062643,
                0.4110869431396897
            ],
            "q": [
                0.8478282033884569,
                0.34708575074142584
            ],
            "r": [
                0.35287930831659714
            ],
            "ud": [],
            "uu": [
                0.867706912010049
            ],
            "ux": [
                0.7601317188936763,
                0.7973509716686535
            ],
            "zl": [],
            "zu": []
        }
    ]
}
